,zip_code
0,90001
1,90002
2,90003
3,90004
4,90005
5,90006
6,90007
7,90008
8,90009
9,90010
10,90011
11,90012
12,90013
13,90014
14,90015
15,90016
16,90017
17,90018
18,90019
19,90020
20,90021
21,90022
22,90023
23,90024
24,90025
25,90026
26,90027
27,90028
28,90029
29,90030
30,90031
31,90032
32,90033
33,90034
34,90035
35,90036
36,90037
37,90038
38,90039
39,90040
40,90041
41,90042
42,90043
43,90044
44,90045
45,90046
46,90047
47,90048
48,90049
49,90050
50,90051
51,90052
52,90053
53,90054
54,90055
55,90056
56,90057
57,90058
58,90059
59,90060
60,90061
61,90062
62,90063
63,90064
64,90065
65,90066
66,90067
67,90068
68,90069
69,90070
70,90071
71,90072
72,90073
73,90074
74,90075
75,90076
76,90077
77,90078
78,90079
79,90080
80,90081
81,90082
82,90083
83,90084
84,90086
85,90087
86,90088
87,90089
88,90090
89,90091
90,90093
91,90094
92,90095
93,90096
94,90099
95,90101
96,90102
97,90103
98,90189
99,90201
100,90202
101,90209
102,90210
103,90211
104,90212
105,90213
106,90220
107,90221
108,90222
109,90223
110,90224
111,90230
112,90231
113,90232
114,90233
115,90239
116,90240
117,90241
118,90242
119,90245
120,90247
121,90248
122,90249
123,90250
124,90251
125,90254
126,90255
127,90260
128,90261
129,90262
130,90263
131,90264
132,90265
133,90266
134,90267
135,90270
136,90272
137,90274
138,90275
139,90277
140,90278
141,90280
142,90290
143,90291
144,90292
145,90293
146,90294
147,90295
148,90296
149,90301
150,90302
151,90303
152,90304
153,90305
154,90306
155,90307
156,90308
157,90309
158,90310
159,90311
160,90312
161,90313
162,90397
163,90398
164,90401
165,90402
166,90403
167,90404
168,90405
169,90406
170,90407
171,90408
172,90409
173,90410
174,90411
175,90501
176,90502
177,90503
178,90504
179,90505
180,90506
181,90507
182,90508
183,90509
184,90510
185,90601
186,90602
187,90603
188,90604
189,90605
190,90606
191,90607
192,90608
193,90609
194,90610
195,90612
196,90620
197,90621
198,90622
199,90623
200,90624
201,90630
202,90631
203,90632
204,90633
205,90637
206,90638
207,90639
208,90640
209,90650
210,90651
211,90652
212,90659
213,90660
214,90661
215,90662
216,90670
217,90671
218,90680
219,90701
220,90702
221,90703
222,90704
223,90706
224,90707
225,90710
226,90711
227,90712
228,90713
229,90714
230,90715
231,90716
232,90717
233,90720
234,90721
235,90723
236,90731
237,90732
238,90733
239,90734
240,90740
241,90742
242,90743
243,90744
244,90745
245,90746
246,90747
247,90748
248,90749
249,90755
250,90801
251,90802
252,90803
253,90804
254,90805
255,90806
256,90807
257,90808
258,90809
259,90810
260,90813
261,90814
262,90815
263,90822
264,90831
265,90832
266,90833
267,90834
268,90835
269,90840
270,90842
271,90844
272,90845
273,90846
274,90847
275,90848
276,90853
277,90888
278,90895
279,90899
280,91001
281,91003
282,91006
283,91007
284,91008
285,91009
286,91010
287,91011
288,91012
289,91016
290,91017
291,91020
292,91021
293,91023
294,91024
295,91025
296,91030
297,91031
298,91040
299,91041
300,91042
301,91043
302,91046
303,91066
304,91077
305,91101
306,91102
307,91103
308,91104
309,91105
310,91106
311,91107
312,91108
313,91109
314,91110
315,91114
316,91115
317,91116
318,91117
319,91118
320,91121
321,91123
322,91124
323,91125
324,91126
325,91129
326,91131
327,91182
328,91184
329,91185
330,91188
331,91189
332,91191
333,91199
334,91201
335,91202
336,91203
337,91204
338,91205
339,91206
340,91207
341,91208
342,91209
343,91210
344,91214
345,91221
346,91222
347,91224
348,91225
349,91226
350,91301
351,91302
352,91303
353,91304
354,91305
355,91306
356,91307
357,91308
358,91309
359,91310
360,91311
361,91313
362,91316
363,91319
364,91320
365,91321
366,91322
367,91324
368,91325
369,91326
370,91327
371,91328
372,91329
373,91330
374,91331
375,91333
376,91334
377,91335
378,91337
379,91340
380,91341
381,91342
382,91343
383,91344
384,91345
385,91346
386,91350
387,91351
388,91352
389,91353
390,91354
391,91355
392,91356
393,91357
394,91358
395,91359
396,91360
397,91361
398,91362
399,91363
400,91364
401,91365
402,91367
403,91371
404,91372
405,91376
406,91377
407,91380
408,91381
409,91382
410,91383
411,91384
412,91385
413,91386
414,91387
415,91388
416,91390
417,91392
418,91393
419,91394
420,91395
421,91396
422,91399
423,91401
424,91402
425,91403
426,91404
427,91405
428,91406
429,91407
430,91408
431,91409
432,91410
433,91411
434,91412
435,91413
436,91416
437,91423
438,91426
439,91436
440,91470
441,91482
442,91495
443,91496
444,91497
445,91499
446,91501
447,91502
448,91503
449,91504
450,91505
451,91506
452,91507
453,91508
454,91510
455,91521
456,91522
457,91523
458,91526
459,91601
460,91602
461,91603
462,91604
463,91605
464,91606
465,91607
466,91608
467,91609
468,91610
469,91611
470,91612
471,91614
472,91615
473,91616
474,91617
475,91618
476,91701
477,91702
478,91706
479,91708
480,91709
481,91710
482,91711
483,91714
484,91715
485,91716
486,91722
487,91723
488,91724
489,91729
490,91730
491,91731
492,91732
493,91733
494,91734
495,91735
496,91737
497,91739
498,91740
499,91741
500,91743
501,91744
502,91745
503,91746
504,91747
505,91748
506,91749
507,91750
508,91752
509,91754
510,91755
511,91756
512,91758
513,91759
514,91761
515,91762
516,91763
517,91764
518,91765
519,91766
520,91767
521,91768
522,91769
523,91770
524,91771
525,91772
526,91773
527,91775
528,91776
529,91778
530,91780
531,91784
532,91785
533,91786
534,91788
535,91789
536,91790
537,91791
538,91792
539,91793
540,91795
541,91797
542,91798
543,91799
544,91801
545,91802
546,91803
547,91804
548,91841
549,91896
550,91899
551,91901
552,91902
553,91903
554,91905
555,91906
556,91908
557,91909
558,91910
559,91911
560,91912
561,91913
562,91914
563,91915
564,91916
565,91917
566,91921
567,91931
568,91932
569,91933
570,91934
571,91935
572,91941
573,91942
574,91943
575,91944
576,91945
577,91946
578,91947
579,91948
580,91950
581,91951
582,91962
583,91963
584,91976
585,91977
586,91978
587,91979
588,91980
589,91987
590,91990
591,92003
592,92004
593,92007
594,92008
595,92009
596,92010
597,92011
598,92013
599,92014
600,92018
601,92019
602,92020
603,92021
604,92022
605,92023
606,92024
607,92025
608,92026
609,92027
610,92028
611,92029
612,92030
613,92033
614,92036
615,92037
616,92038
617,92039
618,92040
619,92046
620,92049
621,92051
622,92052
623,92054
624,92055
625,92056
626,92057
627,92058
628,92059
629,92060
630,92061
631,92064
632,92065
633,92066
634,92067
635,92068
636,92069
637,92070
638,92071
639,92072
640,92074
641,92075
642,92078
643,92079
644,92081
645,92082
646,92083
647,92084
648,92085
649,92086
650,92088
651,92090
652,92091
653,92092
654,92093
655,92096
656,92101
657,92102
658,92103
659,92104
660,92105
661,92106
662,92107
663,92108
664,92109
665,92110
666,92111
667,92112
668,92113
669,92114
670,92115
671,92116
672,92117
673,92118
674,92119
675,92120
676,92121
677,92122
678,92123
679,92124
680,92126
681,92127
682,92128
683,92129
684,92130
685,92131
686,92132
687,92133
688,92134
689,92135
690,92136
691,92137
692,92138
693,92139
694,92140
695,92142
696,92143
697,92145
698,92147
699,92149
700,92150
701,92152
702,92153
703,92154
704,92155
705,92158
706,92159
707,92160
708,92161
709,92162
710,92163
711,92164
712,92165
713,92166
714,92167
715,92168
716,92169
717,92170
718,92171
719,92172
720,92173
721,92174
722,92175
723,92176
724,92177
725,92178
726,92179
727,92182
728,92184
729,92186
730,92187
731,92190
732,92191
733,92192
734,92193
735,92194
736,92195
737,92196
738,92197
739,92198
740,92199
741,92201
742,92202
743,92203
744,92210
745,92211
746,92220
747,92222
748,92223
749,92225
750,92226
751,92227
752,92230
753,92231
754,92232
755,92233
756,92234
757,92235
758,92236
759,92239
760,92240
761,92241
762,92242
763,92243
764,92244
765,92247
766,92248
767,92249
768,92250
769,92251
770,92252
771,92253
772,92254
773,92255
774,92256
775,92257
776,92258
777,92259
778,92260
779,92261
780,92262
781,92263
782,92264
783,92266
784,92267
785,92268
786,92270
787,92273
788,92274
789,92275
790,92276
791,92277
792,92278
793,92280
794,92281
795,92282
796,92283
797,92284
798,92285
799,92286
800,92292
801,92301
802,92304
803,92305
804,92307
805,92308
806,92309
807,92310
808,92311
809,92312
810,92313
811,92314
812,92315
813,92316
814,92317
815,92318
816,92320
817,92321
818,92322
819,92323
820,92324
821,92325
822,92326
823,92327
824,92328
825,92329
826,92331
827,92332
828,92333
829,92334
830,92335
831,92336
832,92337
833,92338
834,92339
835,92340
836,92341
837,92342
838,92344
839,92345
840,92346
841,92347
842,92350
843,92352
844,92354
845,92356
846,92357
847,92358
848,92359
849,92363
850,92364
851,92365
852,92366
853,92368
854,92369
855,92371
856,92372
857,92373
858,92374
859,92375
860,92376
861,92377
862,92378
863,92382
864,92384
865,92385
866,92386
867,92389
868,92391
869,92392
870,92393
871,92394
872,92395
873,92397
874,92398
875,92399
876,92401
877,92402
878,92403
879,92404
880,92405
881,92406
882,92407
883,92408
884,92410
885,92411
886,92412
887,92413
888,92414
889,92415
890,92418
891,92423
892,92424
893,92427
894,92501
895,92502
896,92503
897,92504
898,92505
899,92506
900,92507
901,92508
902,92509
903,92513
904,92514
905,92515
906,92516
907,92517
908,92518
909,92519
910,92521
911,92522
912,92530
913,92531
914,92532
915,92536
916,92539
917,92543
918,92544
919,92545
920,92546
921,92548
922,92549
923,92551
924,92552
925,92553
926,92554
927,92555
928,92556
929,92557
930,92561
931,92562
932,92563
933,92564
934,92567
935,92570
936,92571
937,92572
938,92581
939,92582
940,92583
941,92584
942,92585
943,92586
944,92587
945,92589
946,92590
947,92591
948,92592
949,92593
950,92595
951,92596
952,92599
953,92602
954,92603
955,92604
956,92605
957,92606
958,92607
959,92609
960,92610
961,92612
962,92614
963,92615
964,92616
965,92617
966,92618
967,92619
968,92620
969,92623
970,92624
971,92625
972,92626
973,92627
974,92628
975,92629
976,92630
977,92637
978,92646
979,92647
980,92648
981,92649
982,92650
983,92651
984,92652
985,92653
986,92654
987,92655
988,92656
989,92657
990,92658
991,92659
992,92660
993,92661
994,92662
995,92663
996,92672
997,92673
998,92674
999,92675
1000,92676
1001,92677
1002,92678
1003,92679
1004,92683
1005,92684
1006,92685
1007,92688
1008,92690
1009,92691
1010,92692
1011,92693
1012,92694
1013,92697
1014,92698
1015,92701
1016,92702
1017,92703
1018,92704
1019,92705
1020,92706
1021,92707
1022,92708
1023,92709
1024,92710
1025,92711
1026,92712
1027,92725
1028,92728
1029,92735
1030,92780
1031,92781
1032,92782
1033,92799
1034,92801
1035,92802
1036,92803
1037,92804
1038,92805
1039,92806
1040,92807
1041,92808
1042,92809
1043,92811
1044,92812
1045,92814
1046,92815
1047,92816
1048,92817
1049,92821
1050,92822
1051,92823
1052,92825
1053,92831
1054,92832
1055,92833
1056,92834
1057,92835
1058,92836
1059,92837
1060,92838
1061,92840
1062,92841
1063,92842
1064,92843
1065,92844
1066,92845
1067,92846
1068,92850
1069,92856
1070,92857
1071,92859
1072,92860
1073,92861
1074,92862
1075,92863
1076,92864
1077,92865
1078,92866
1079,92867
1080,92868
1081,92869
1082,92870
1083,92871
1084,92877
1085,92878
1086,92879
1087,92880
1088,92881
1089,92882
1090,92883
1091,92885
1092,92886
1093,92887
1094,92899
1095,93001
1096,93002
1097,93003
1098,93004
1099,93005
1100,93006
1101,93007
1102,93009
1103,93010
1104,93011
1105,93012
1106,93013
1107,93014
1108,93015
1109,93016
1110,93020
1111,93021
1112,93022
1113,93023
1114,93024
1115,93030
1116,93031
1117,93032
1118,93033
1119,93034
1120,93035
1121,93036
1122,93040
1123,93041
1124,93042
1125,93043
1126,93044
1127,93060
1128,93061
1129,93062
1130,93063
1131,93064
1132,93065
1133,93066
1134,93067
1135,93093
1136,93094
1137,93099
1138,93101
1139,93102
1140,93103
1141,93105
1142,93106
1143,93107
1144,93108
1145,93109
1146,93110
1147,93111
1148,93116
1149,93117
1150,93118
1151,93120
1152,93121
1153,93130
1154,93140
1155,93150
1156,93160
1157,93190
1158,93199
1159,93201
1160,93202
1161,93203
1162,93204
1163,93205
1164,93206
1165,93207
1166,93208
1167,93210
1168,93212
1169,93215
1170,93216
1171,93218
1172,93219
1173,93220
1174,93221
1175,93222
1176,93223
1177,93224
1178,93225
1179,93226
1180,93227
1181,93230
1182,93232
1183,93234
1184,93235
1185,93237
1186,93238
1187,93239
1188,93240
1189,93241
1190,93242
1191,93243
1192,93244
1193,93245
1194,93246
1195,93247
1196,93249
1197,93250
1198,93251
1199,93252
1200,93254
1201,93255
1202,93256
1203,93257
1204,93258
1205,93260
1206,93261
1207,93262
1208,93263
1209,93265
1210,93266
1211,93267
1212,93268
1213,93270
1214,93271
1215,93272
1216,93274
1217,93275
1218,93276
1219,93277
1220,93278
1221,93279
1222,93280
1223,93282
1224,93283
1225,93285
1226,93286
1227,93287
1228,93290
1229,93291
1230,93292
1231,93301
1232,93302
1233,93303
1234,93304
1235,93305
1236,93306
1237,93307
1238,93308
1239,93309
1240,93311
1241,93312
1242,93313
1243,93314
1244,93380
1245,93381
1246,93382
1247,93383
1248,93384
1249,93385
1250,93386
1251,93387
1252,93388
1253,93389
1254,93390
1255,93401
1256,93402
1257,93403
1258,93405
1259,93406
1260,93407
1261,93408
1262,93409
1263,93410
1264,93412
1265,93420
1266,93421
1267,93422
1268,93423
1269,93424
1270,93426
1271,93427
1272,93428
1273,93429
1274,93430
1275,93432
1276,93433
1277,93434
1278,93435
1279,93436
1280,93437
1281,93438
1282,93440
1283,93441
1284,93442
1285,93443
1286,93444
1287,93445
1288,93446
1289,93447
1290,93448
1291,93449
1292,93450
1293,93451
1294,93452
1295,93453
1296,93454
1297,93455
1298,93456
1299,93457
1300,93458
1301,93460
1302,93461
1303,93463
1304,93464
1305,93465
1306,93475
1307,93483
1308,93501
1309,93502
1310,93504
1311,93505
1312,93510
1313,93512
1314,93513
1315,93514
1316,93515
1317,93516
1318,93517
1319,93518
1320,93519
1321,93522
1322,93523
1323,93524
1324,93526
1325,93527
1326,93528
1327,93529
1328,93530
1329,93531
1330,93532
1331,93534
1332,93535
1333,93536
1334,93539
1335,93541
1336,93542
1337,93543
1338,93544
1339,93545
1340,93546
1341,93549
1342,93550
1343,93551
1344,93552
1345,93553
1346,93554
1347,93555
1348,93556
1349,93558
1350,93560
1351,93561
1352,93562
1353,93563
1354,93581
1355,93584
1356,93586
1357,93590
1358,93591
1359,93592
1360,93596
1361,93599
1362,93601
1363,93602
1364,93603
1365,93604
1366,93605
1367,93606
1368,93607
1369,93608
1370,93609
1371,93610
1372,93611
1373,93612
1374,93613
1375,93614
1376,93615
1377,93616
1378,93618
1379,93619
1380,93620
1381,93621
1382,93622
1383,93623
1384,93624
1385,93625
1386,93626
1387,93627
1388,93628
1389,93630
1390,93631
1391,93633
1392,93634
1393,93635
1394,93636
1395,93637
1396,93638
1397,93639
1398,93640
1399,93641
1400,93642
1401,93643
1402,93644
1403,93645
1404,93646
1405,93647
1406,93648
1407,93649
1408,93650
1409,93651
1410,93652
1411,93653
1412,93654
1413,93656
1414,93657
1415,93660
1416,93661
1417,93662
1418,93664
1419,93665
1420,93666
1421,93667
1422,93668
1423,93669
1424,93670
1425,93673
1426,93675
1427,93701
1428,93702
1429,93703
1430,93704
1431,93705
1432,93706
1433,93707
1434,93708
1435,93709
1436,93710
1437,93711
1438,93712
1439,93714
1440,93715
1441,93716
1442,93717
1443,93718
1444,93720
1445,93721
1446,93722
1447,93723
1448,93724
1449,93725
1450,93726
1451,93727
1452,93728
1453,93729
1454,93730
1455,93737
1456,93740
1457,93741
1458,93744
1459,93745
1460,93747
1461,93750
1462,93755
1463,93760
1464,93761
1465,93764
1466,93765
1467,93771
1468,93772
1469,93773
1470,93774
1471,93775
1472,93776
1473,93777
1474,93778
1475,93779
1476,93780
1477,93784
1478,93786
1479,93790
1480,93791
1481,93792
1482,93793
1483,93794
1484,93844
1485,93888
1486,93901
1487,93902
1488,93905
1489,93906
1490,93907
1491,93908
1492,93912
1493,93915
1494,93920
1495,93921
1496,93922
1497,93923
1498,93924
1499,93925
1500,93926
1501,93927
1502,93928
1503,93930
1504,93932
1505,93933
1506,93940
1507,93942
1508,93943
1509,93944
1510,93950
1511,93953
1512,93954
1513,93955
1514,93960
1515,93962
1516,94002
1517,94005
1518,94010
1519,94011
1520,94013
1521,94014
1522,94015
1523,94016
1524,94017
1525,94018
1526,94019
1527,94020
1528,94021
1529,94022
1530,94023
1531,94024
1532,94025
1533,94026
1534,94027
1535,94028
1536,94030
1537,94035
1538,94037
1539,94038
1540,94039
1541,94040
1542,94041
1543,94042
1544,94043
1545,94044
1546,94060
1547,94061
1548,94062
1549,94063
1550,94064
1551,94065
1552,94066
1553,94070
1554,94074
1555,94080
1556,94083
1557,94085
1558,94086
1559,94087
1560,94088
1561,94089
1562,94101
1563,94102
1564,94103
1565,94104
1566,94105
1567,94106
1568,94107
1569,94108
1570,94109
1571,94110
1572,94111
1573,94112
1574,94114
1575,94115
1576,94116
1577,94117
1578,94118
1579,94119
1580,94120
1581,94121
1582,94122
1583,94123
1584,94124
1585,94125
1586,94126
1587,94127
1588,94128
1589,94129
1590,94130
1591,94131
1592,94132
1593,94133
1594,94134
1595,94135
1596,94136
1597,94137
1598,94138
1599,94139
1600,94140
1601,94141
1602,94142
1603,94143
1604,94144
1605,94145
1606,94146
1607,94147
1608,94150
1609,94151
1610,94152
1611,94153
1612,94154
1613,94155
1614,94156
1615,94158
1616,94159
1617,94160
1618,94161
1619,94162
1620,94163
1621,94164
1622,94171
1623,94172
1624,94175
1625,94177
1626,94188
1627,94199
1628,94203
1629,94204
1630,94205
1631,94206
1632,94207
1633,94208
1634,94209
1635,94211
1636,94229
1637,94230
1638,94232
1639,94234
1640,94235
1641,94236
1642,94237
1643,94239
1644,94240
1645,94244
1646,94245
1647,94246
1648,94247
1649,94248
1650,94249
1651,94250
1652,94252
1653,94254
1654,94256
1655,94257
1656,94258
1657,94259
1658,94261
1659,94262
1660,94263
1661,94267
1662,94268
1663,94269
1664,94271
1665,94273
1666,94274
1667,94277
1668,94278
1669,94279
1670,94280
1671,94282
1672,94283
1673,94284
1674,94285
1675,94286
1676,94287
1677,94288
1678,94289
1679,94290
1680,94291
1681,94293
1682,94294
1683,94295
1684,94296
1685,94297
1686,94298
1687,94299
1688,94301
1689,94302
1690,94303
1691,94304
1692,94305
1693,94306
1694,94309
1695,94401
1696,94402
1697,94403
1698,94404
1699,94497
1700,94501
1701,94502
1702,94503
1703,94505
1704,94506
1705,94507
1706,94508
1707,94509
1708,94510
1709,94511
1710,94512
1711,94513
1712,94514
1713,94515
1714,94516
1715,94517
1716,94518
1717,94519
1718,94520
1719,94521
1720,94522
1721,94523
1722,94524
1723,94525
1724,94526
1725,94527
1726,94528
1727,94529
1728,94530
1729,94531
1730,94533
1731,94534
1732,94535
1733,94536
1734,94537
1735,94538
1736,94539
1737,94540
1738,94541
1739,94542
1740,94543
1741,94544
1742,94545
1743,94546
1744,94547
1745,94548
1746,94549
1747,94550
1748,94551
1749,94552
1750,94553
1751,94555
1752,94556
1753,94557
1754,94558
1755,94559
1756,94560
1757,94561
1758,94562
1759,94563
1760,94564
1761,94565
1762,94566
1763,94567
1764,94568
1765,94569
1766,94570
1767,94571
1768,94572
1769,94573
1770,94574
1771,94575
1772,94576
1773,94577
1774,94578
1775,94579
1776,94580
1777,94581
1778,94582
1779,94583
1780,94585
1781,94586
1782,94587
1783,94588
1784,94589
1785,94590
1786,94591
1787,94592
1788,94595
1789,94596
1790,94597
1791,94598
1792,94599
1793,94601
1794,94602
1795,94603
1796,94604
1797,94605
1798,94606
1799,94607
1800,94608
1801,94609
1802,94610
1803,94611
1804,94612
1805,94613
1806,94614
1807,94615
1808,94617
1809,94618
1810,94619
1811,94620
1812,94621
1813,94622
1814,94623
1815,94624
1816,94625
1817,94649
1818,94659
1819,94660
1820,94661
1821,94662
1822,94666
1823,94701
1824,94702
1825,94703
1826,94704
1827,94705
1828,94706
1829,94707
1830,94708
1831,94709
1832,94710
1833,94712
1834,94720
1835,94801
1836,94802
1837,94803
1838,94804
1839,94805
1840,94806
1841,94807
1842,94808
1843,94820
1844,94850
1845,94901
1846,94903
1847,94904
1848,94912
1849,94913
1850,94914
1851,94915
1852,94920
1853,94922
1854,94923
1855,94924
1856,94925
1857,94926
1858,94927
1859,94928
1860,94929
1861,94930
1862,94931
1863,94933
1864,94937
1865,94938
1866,94939
1867,94940
1868,94941
1869,94942
1870,94945
1871,94946
1872,94947
1873,94948
1874,94949
1875,94950
1876,94951
1877,94952
1878,94953
1879,94954
1880,94955
1881,94956
1882,94957
1883,94960
1884,94963
1885,94964
1886,94965
1887,94966
1888,94970
1889,94971
1890,94972
1891,94973
1892,94974
1893,94975
1894,94976
1895,94977
1896,94978
1897,94979
1898,94998
1899,94999
1900,95001
1901,95002
1902,95003
1903,95004
1904,95005
1905,95006
1906,95007
1907,95008
1908,95009
1909,95010
1910,95011
1911,95012
1912,95013
1913,95014
1914,95015
1915,95017
1916,95018
1917,95019
1918,95020
1919,95021
1920,95023
1921,95024
1922,95026
1923,95030
1924,95031
1925,95032
1926,95033
1927,95035
1928,95036
1929,95037
1930,95038
1931,95039
1932,95041
1933,95042
1934,95043
1935,95044
1936,95045
1937,95046
1938,95050
1939,95051
1940,95052
1941,95053
1942,95054
1943,95055
1944,95056
1945,95060
1946,95061
1947,95062
1948,95063
1949,95064
1950,95065
1951,95066
1952,95067
1953,95070
1954,95071
1955,95073
1956,95075
1957,95076
1958,95077
1959,95101
1960,95103
1961,95106
1962,95108
1963,95109
1964,95110
1965,95111
1966,95112
1967,95113
1968,95115
1969,95116
1970,95117
1971,95118
1972,95119
1973,95120
1974,95121
1975,95122
1976,95123
1977,95124
1978,95125
1979,95126
1980,95127
1981,95128
1982,95129
1983,95130
1984,95131
1985,95132
1986,95133
1987,95134
1988,95135
1989,95136
1990,95138
1991,95139
1992,95140
1993,95141
1994,95148
1995,95150
1996,95151
1997,95152
1998,95153
1999,95154
2000,95155
2001,95156
2002,95157
2003,95158
2004,95159
2005,95160
2006,95161
2007,95164
2008,95170
2009,95172
2010,95173
2011,95190
2012,95191
2013,95192
2014,95193
2015,95194
2016,95196
2017,95201
2018,95202
2019,95203
2020,95204
2021,95205
2022,95206
2023,95207
2024,95208
2025,95209
2026,95210
2027,95211
2028,95212
2029,95213
2030,95214
2031,95215
2032,95219
2033,95220
2034,95221
2035,95222
2036,95223
2037,95224
2038,95225
2039,95226
2040,95227
2041,95228
2042,95229
2043,95230
2044,95231
2045,95232
2046,95233
2047,95234
2048,95236
2049,95237
2050,95240
2051,95241
2052,95242
2053,95245
2054,95246
2055,95247
2056,95248
2057,95249
2058,95250
2059,95251
2060,95252
2061,95253
2062,95254
2063,95255
2064,95257
2065,95258
2066,95267
2067,95269
2068,95296
2069,95297
2070,95301
2071,95303
2072,95304
2073,95305
2074,95306
2075,95307
2076,95309
2077,95310
2078,95311
2079,95312
2080,95313
2081,95314
2082,95315
2083,95316
2084,95317
2085,95318
2086,95319
2087,95320
2088,95321
2089,95322
2090,95323
2091,95324
2092,95325
2093,95326
2094,95327
2095,95328
2096,95329
2097,95330
2098,95333
2099,95334
2100,95335
2101,95336
2102,95337
2103,95338
2104,95340
2105,95341
2106,95343
2107,95344
2108,95345
2109,95346
2110,95347
2111,95348
2112,95350
2113,95351
2114,95352
2115,95353
2116,95354
2117,95355
2118,95356
2119,95357
2120,95358
2121,95360
2122,95361
2123,95363
2124,95364
2125,95365
2126,95366
2127,95367
2128,95368
2129,95369
2130,95370
2131,95372
2132,95373
2133,95374
2134,95375
2135,95376
2136,95377
2137,95378
2138,95379
2139,95380
2140,95381
2141,95382
2142,95383
2143,95385
2144,95386
2145,95387
2146,95388
2147,95389
2148,95391
2149,95397
2150,95401
2151,95402
2152,95403
2153,95404
2154,95405
2155,95406
2156,95407
2157,95409
2158,95410
2159,95412
2160,95415
2161,95416
2162,95417
2163,95418
2164,95419
2165,95420
2166,95421
2167,95422
2168,95423
2169,95424
2170,95425
2171,95426
2172,95427
2173,95428
2174,95429
2175,95430
2176,95431
2177,95432
2178,95433
2179,95435
2180,95436
2181,95437
2182,95439
2183,95441
2184,95442
2185,95443
2186,95444
2187,95445
2188,95446
2189,95448
2190,95449
2191,95450
2192,95451
2193,95452
2194,95453
2195,95454
2196,95456
2197,95457
2198,95458
2199,95459
2200,95460
2201,95461
2202,95462
2203,95463
2204,95464
2205,95465
2206,95466
2207,95467
2208,95468
2209,95469
2210,95470
2211,95471
2212,95472
2213,95473
2214,95476
2215,95480
2216,95481
2217,95482
2218,95485
2219,95486
2220,95487
2221,95488
2222,95490
2223,95492
2224,95493
2225,95494
2226,95497
2227,95501
2228,95502
2229,95503
2230,95511
2231,95514
2232,95518
2233,95519
2234,95521
2235,95524
2236,95525
2237,95526
2238,95527
2239,95528
2240,95531
2241,95532
2242,95534
2243,95536
2244,95537
2245,95538
2246,95540
2247,95542
2248,95543
2249,95545
2250,95546
2251,95547
2252,95548
2253,95549
2254,95550
2255,95551
2256,95552
2257,95553
2258,95554
2259,95555
2260,95556
2261,95558
2262,95559
2263,95560
2264,95562
2265,95563
2266,95564
2267,95565
2268,95567
2269,95568
2270,95569
2271,95570
2272,95571
2273,95573
2274,95585
2275,95587
2276,95589
2277,95595
2278,95601
2279,95602
2280,95603
2281,95604
2282,95605
2283,95606
2284,95607
2285,95608
2286,95609
2287,95610
2288,95611
2289,95612
2290,95613
2291,95614
2292,95615
2293,95616
2294,95617
2295,95618
2296,95619
2297,95620
2298,95621
2299,95623
2300,95624
2301,95625
2302,95626
2303,95627
2304,95628
2305,95629
2306,95630
2307,95631
2308,95632
2309,95633
2310,95634
2311,95635
2312,95636
2313,95637
2314,95638
2315,95639
2316,95640
2317,95641
2318,95642
2319,95644
2320,95645
2321,95646
2322,95648
2323,95650
2324,95651
2325,95652
2326,95653
2327,95654
2328,95655
2329,95656
2330,95658
2331,95659
2332,95660
2333,95661
2334,95662
2335,95663
2336,95664
2337,95665
2338,95666
2339,95667
2340,95668
2341,95669
2342,95670
2343,95671
2344,95672
2345,95673
2346,95674
2347,95675
2348,95676
2349,95677
2350,95678
2351,95679
2352,95680
2353,95681
2354,95682
2355,95683
2356,95684
2357,95685
2358,95686
2359,95687
2360,95688
2361,95689
2362,95690
2363,95691
2364,95692
2365,95693
2366,95694
2367,95695
2368,95696
2369,95697
2370,95698
2371,95699
2372,95701
2373,95703
2374,95709
2375,95712
2376,95713
2377,95714
2378,95715
2379,95717
2380,95720
2381,95721
2382,95722
2383,95724
2384,95726
2385,95728
2386,95735
2387,95736
2388,95741
2389,95742
2390,95746
2391,95747
2392,95757
2393,95758
2394,95759
2395,95762
2396,95763
2397,95765
2398,95776
2399,95798
2400,95799
2401,95811
2402,95812
2403,95813
2404,95814
2405,95815
2406,95816
2407,95817
2408,95818
2409,95819
2410,95820
2411,95821
2412,95822
2413,95823
2414,95824
2415,95825
2416,95826
2417,95827
2418,95828
2419,95829
2420,95830
2421,95831
2422,95832
2423,95833
2424,95834
2425,95835
2426,95836
2427,95837
2428,95838
2429,95840
2430,95841
2431,95842
2432,95843
2433,95851
2434,95852
2435,95853
2436,95860
2437,95864
2438,95865
2439,95866
2440,95867
2441,95887
2442,95894
2443,95899
2444,95901
2445,95903
2446,95910
2447,95912
2448,95913
2449,95914
2450,95915
2451,95916
2452,95917
2453,95918
2454,95919
2455,95920
2456,95922
2457,95923
2458,95924
2459,95925
2460,95926
2461,95927
2462,95928
2463,95929
2464,95930
2465,95932
2466,95934
2467,95935
2468,95936
2469,95937
2470,95938
2471,95939
2472,95940
2473,95941
2474,95942
2475,95943
2476,95944
2477,95945
2478,95946
2479,95947
2480,95948
2481,95949
2482,95950
2483,95951
2484,95953
2485,95954
2486,95955
2487,95956
2488,95957
2489,95958
2490,95959
2491,95960
2492,95961
2493,95962
2494,95963
2495,95965
2496,95966
2497,95967
2498,95968
2499,95969
2500,95970
2501,95971
2502,95972
2503,95973
2504,95974
2505,95975
2506,95976
2507,95977
2508,95978
2509,95979
2510,95980
2511,95981
2512,95982
2513,95983
2514,95984
2515,95986
2516,95987
2517,95988
2518,95991
2519,95992
2520,95993
2521,96001
2522,96002
2523,96003
2524,96006
2525,96007
2526,96008
2527,96009
2528,96010
2529,96011
2530,96013
2531,96014
2532,96015
2533,96016
2534,96017
2535,96019
2536,96020
2537,96021
2538,96022
2539,96023
2540,96024
2541,96025
2542,96027
2543,96028
2544,96029
2545,96031
2546,96032
2547,96033
2548,96034
2549,96035
2550,96037
2551,96038
2552,96039
2553,96040
2554,96041
2555,96044
2556,96046
2557,96047
2558,96048
2559,96049
2560,96050
2561,96051
2562,96052
2563,96054
2564,96055
2565,96056
2566,96057
2567,96058
2568,96059
2569,96061
2570,96062
2571,96063
2572,96064
2573,96065
2574,96067
2575,96068
2576,96069
2577,96070
2578,96071
2579,96073
2580,96074
2581,96075
2582,96076
2583,96078
2584,96079
2585,96080
2586,96084
2587,96085
2588,96086
2589,96087
2590,96088
2591,96089
2592,96090
2593,96091
2594,96092
2595,96093
2596,96094
2597,96095
2598,96096
2599,96097
2600,96099
2601,96101
2602,96103
2603,96104
2604,96105
2605,96106
2606,96107
2607,96108
2608,96109
2609,96110
2610,96111
2611,96112
2612,96113
2613,96114
2614,96115
2615,96116
2616,96117
2617,96118
2618,96119
2619,96120
2620,96121
2621,96122
2622,96123
2623,96124
2624,96125
2625,96126
2626,96127
2627,96128
2628,96129
2629,96130
2630,96132
2631,96133
2632,96134
2633,96135
2634,96136
2635,96137
2636,96140
2637,96141
2638,96142
2639,96143
2640,96145
2641,96146
2642,96148
2643,96150
2644,96151
2645,96152
2646,96154
2647,96155
2648,96156
2649,96157
2650,96158
2651,96160
2652,96161
2653,96162
